{
  "EN-query": [
    1.2373508214950562,
    -0.7957432866096497,
    -0.4067535996437073,
    0.0760357677936554,
    0.6769996285438538,
    -1.0296753644943237,
    -0.5955332517623901,
    1.2697694301605225,
    "..."
  ],
  "EN-passage": [
    1.146035075187683,
    -0.08294471353292465,
    -1.2190605401992798,
    -0.53505939245224,
    0.8379874229431152,
    -1.1992837190628052,
    -0.6382910013198853,
    0.6883082389831543,
    "..."
  ],
  "JA-query": [
    1.4248640537261963,
    -0.5752705335617065,
    -0.4911714196205139,
    -0.20978060364723206,
    0.9068078398704529,
    -0.5265913009643555,
    0.03758397698402405,
    1.340660810470581,
    "..."
  ],
  "JA-passage": [
    1.1643835306167603,
    0.04636942967772484,
    -0.7697526216506958,
    -0.9489036798477173,
    0.7792639136314392,
    -0.923601508140564,
    -0.023241810500621796,
    0.8397853374481201,
    "..."
  ],
  "VI-query": [
    1.2690690755844116,
    -0.7768694162368774,
    -0.22356796264648438,
    -0.15579110383987427,
    0.7809873819351196,
    -0.38283970952033997,
    -0.15048155188560486,
    1.4212816953659058,
    "..."
  ]
}